City_ID,City,Lat,Lng,Max Temp,Humidity,Cloudiness,Wind Speed,Country,Date
0,vorgashor,67.5833,63.95,0.01,90,99,5.22,RU,1682162122
1,pacific grove,36.6177,-121.9166,10.86,94,0,1.79,US,1682161757
2,saipan,15.1355,145.701,27.39,100,100,5.66,MP,1682162316
3,khorixas,-20.3667,14.9667,28.23,33,100,3.66,NA,1682162316
4,castillos,-34.1667,-53.8333,13.79,91,99,2.11,UY,1682162317
5,adamstown,-25.066,-130.1015,24.86,84,100,8.9,PN,1682162094
6,piacabucu,-10.4056,-36.4344,27.04,76,98,4.54,BR,1682162317
7,blackmans bay,-43.0167,147.3167,16.07,61,89,5.24,AU,1682162317
8,puerto natales,-51.7236,-72.4875,1.72,85,99,2.25,CL,1682162317
9,alice springs,-23.7,133.8833,16.75,59,0,3.6,AU,1682161736
10,grytviken,-54.2811,-36.5092,2.77,91,100,7.35,GS,1682162318
11,bethel,41.3712,-73.414,11.22,89,100,3.6,US,1682162222
12,kimbe,-5.5502,150.1429,25.35,91,75,1.75,PG,1682161752
13,margaret river,-33.95,115.0667,17.98,64,0,1.77,AU,1682162196
14,port-aux-francais,-49.35,70.2167,6.3,85,100,15.24,TF,1682162066
15,fort stockton,30.894,-102.8793,15.03,13,0,6.17,US,1682162318
16,valparaiso,-33.0393,-71.6273,16.67,62,0,2.06,CL,1682162318
17,nuuk,64.1835,-51.7216,-1.18,100,100,5.81,GL,1682162319
18,arar,30.9753,41.0381,29.01,18,0,5.14,SA,1682162319
19,barmer,25.75,71.3833,37.16,6,0,3.46,IN,1682161603
20,kodiak,57.79,-152.4072,5.73,49,0,6.17,US,1682162319
21,bilibino,68.0546,166.4372,-9.1,76,15,2.37,RU,1682162319
22,hithadhoo,-0.6,73.0833,29.4,71,10,1.94,MV,1682161725
23,hawaiian paradise park,19.5933,-154.9731,21.69,96,75,2.06,US,1682161735
24,iqaluit,63.7506,-68.5145,-1.15,100,100,10.29,CA,1682162320
25,lompoc,34.6391,-120.4579,14.41,95,100,6.69,US,1682161744
26,broome,42.2506,-75.833,14.83,80,0,5.66,US,1682162320
27,punta arenas,-53.15,-70.9167,7.06,57,75,8.75,CL,1682162320
28,deqing,30.5448,119.9599,14.1,63,100,0.8,CN,1682162064
29,kavaratti,10.5669,72.642,28.96,71,92,4.43,IN,1682162321
30,yerofey pavlovich,53.9667,121.9667,-3.46,77,100,1.58,RU,1682162321
31,olonkinbyen,70.9221,-8.7187,-2.52,74,21,9.21,SJ,1682162321
32,san patricio,28.017,-97.5169,22.92,89,0,3.36,US,1682162321
33,afaahiti,-17.75,-149.2833,24.93,82,100,8.05,PF,1682162321
34,waitangi,-43.9535,-176.5597,14.9,96,87,1.34,NZ,1682162322
35,calingasta,-31.3308,-69.4078,11.31,68,2,1.51,AR,1682162322
36,college,64.8569,-147.8028,1.15,91,100,2.57,US,1682162322
37,port douglas,-16.4833,145.4667,24.97,85,73,7.18,AU,1682162322
38,papatowai,-46.5619,169.4708,14.23,81,80,6.17,NZ,1682162322
39,albany,42.6001,-73.9662,11.42,79,99,1.79,US,1682162322
40,jackson,42.4165,-122.8345,11.58,94,100,0.45,US,1682162323
41,invercargill,-46.4,168.35,11.68,82,82,0.89,NZ,1682162059
42,constantia,44.1833,28.65,15.39,68,55,5.0,RO,1682162323
43,talavera de la reina,39.9635,-4.8308,18.63,38,20,4.79,ES,1682162323
44,talnakh,69.4865,88.3972,1.23,90,100,8.47,RU,1682161732
45,borogontsy,62.6683,131.1683,-4.97,94,99,1.22,RU,1682162323
46,bakori,11.5544,7.4243,37.27,17,23,3.58,NG,1682162324
47,atherton,53.5237,-2.4935,13.53,79,100,1.13,GB,1682162324
48,auki,-8.7676,160.7034,25.81,86,19,2.36,SB,1682162324
49,port mathurin,-19.6833,63.4167,26.23,75,21,7.31,MU,1682162324
50,new albany,38.2856,-85.8241,8.34,95,75,2.06,US,1682162324
51,thompson,55.7435,-97.8558,-8.91,86,75,1.03,CA,1682162324
52,santa sylvina,-27.8326,-61.1375,11.7,73,95,1.71,AR,1682162325
53,revda,56.801,59.9303,6.72,88,100,2.32,RU,1682162325
54,tsiombe,-25.3,45.4833,30.68,41,93,4.36,MG,1682161787
55,kargasok,59.0556,80.8572,6.96,63,100,5.18,RU,1682162325
56,tofol,5.3248,163.0078,28.39,80,86,6.04,FM,1682162325
57,lihue,21.9789,-159.3672,23.77,89,75,3.09,US,1682162326
58,takanabe,32.1333,131.5,14.83,58,43,4.74,JP,1682162072
59,edinburgh of the seven seas,-37.0676,-12.3116,14.84,62,36,13.02,SH,1682162326
60,rio grande,-32.035,-52.0986,16.06,86,93,2.34,BR,1682161737
61,yellowknife,62.456,-114.3525,2.29,64,75,4.12,CA,1682162072
62,ilulissat,69.2167,-51.1,-1.99,86,100,0.0,GL,1682162326
63,koksan,38.7819,126.6664,12.43,32,94,1.63,KP,1682162327
64,stanley,54.868,-1.6985,8.16,94,100,3.6,GB,1682162327
65,tiksi,71.6872,128.8694,-14.7,95,75,1.69,RU,1682162327
66,west island,-12.1568,96.8225,27.99,78,75,5.14,CC,1682162119
67,choma,-16.8065,26.9531,29.48,32,99,2.92,ZM,1682162327
68,isanti,45.55,-93.3002,1.0,81,100,4.92,US,1682162328
69,fale old settlement,-9.3852,-171.2468,28.85,76,11,4.46,TK,1682161744
70,magdagachi,53.45,125.8,-0.2,64,100,3.18,RU,1682161785
71,gilgit,35.9221,74.3087,15.79,33,13,2.37,PK,1682162328
72,ushuaia,-54.8,-68.3,7.81,53,75,6.17,AR,1682162328
73,ngetkib,7.3645,134.5148,27.14,78,75,0.0,PW,1682162329
74,pekanbaru,0.5333,101.45,28.18,94,20,3.09,ID,1682162329
75,lebu,-37.6167,-73.65,11.07,93,6,6.13,CL,1682161769
76,kyren,51.6828,102.1408,3.73,35,50,1.24,RU,1682162329
77,port elizabeth,-33.918,25.5701,21.16,40,0,4.63,ZA,1682162330
78,bamboo flat,11.7,92.7167,30.55,60,15,2.18,IN,1682162330
79,suoyarvi,62.0833,32.35,3.57,100,100,3.1,RU,1682162330
80,vangaindrano,-23.35,47.6,27.72,69,85,1.4,MG,1682162330
81,haiku-pauwela,20.9219,-156.3051,21.69,88,0,2.57,US,1682162330
82,kupang,-10.1667,123.5833,27.32,78,20,5.14,ID,1682162331
83,westport,41.1415,-73.3579,12.01,89,100,10.8,US,1682161772
84,yasnogorsk,54.4803,37.6975,13.18,40,41,5.0,RU,1682162332
85,floro,61.5996,5.0328,17.04,47,0,3.09,NO,1682162332
86,sitka,57.0531,-135.33,7.94,66,100,4.63,US,1682161746
87,la passe,45.5549,-0.8967,16.66,74,100,5.34,FR,1682162332
88,carahue,-38.7,-73.1667,8.32,98,5,0.32,CL,1682162332
89,arteche,12.2645,125.4048,26.4,88,51,2.14,PH,1682162332
90,correntina,-13.3433,-44.6367,21.68,82,55,4.05,BR,1682162333
91,udachny,66.4167,112.4,-4.04,85,100,2.84,RU,1682162333
92,bahia honda,22.9036,-83.1592,22.28,85,28,1.45,CU,1682162298
93,tazovsky,67.4667,78.7,-0.2,95,97,3.93,RU,1682162333
94,enewetak,11.3474,162.3373,26.88,83,100,8.77,MH,1682162333
95,ribeira grande,38.5167,-28.7,17.22,94,75,5.66,PT,1682162333
96,kudahuvadhoo,2.6708,72.8944,29.37,69,29,3.01,MV,1682162333
97,lahad datu,5.0268,118.327,26.8,81,100,3.01,MY,1682162218
98,vadso,70.0744,29.7487,-2.91,68,75,6.69,NO,1682162334
99,howard springs,-12.497,131.047,28.95,77,29,1.72,AU,1682162334
100,puerto baquerizo moreno,-0.9,-89.6,25.96,81,93,5.17,EC,1682162334
101,zemio,5.0314,25.1361,32.72,43,100,4.1,CF,1682162334
102,st. john's,47.5649,-52.7093,3.15,96,100,10.28,CA,1682162335
103,salaqi,40.5414,110.5108,15.35,18,98,1.93,CN,1682162335
104,tortoli,39.9256,9.6572,20.76,43,11,2.98,IT,1682161750
105,kingston,17.997,-76.7936,21.8,90,7,1.58,JM,1682161676
106,san lawrenz,36.0553,14.204,18.67,77,1,7.01,MT,1682162335
107,nabire,-3.3667,135.4833,26.51,85,76,0.52,ID,1682161755
108,tegueste,28.5167,-16.3167,19.89,72,40,4.12,ES,1682162336
109,longyearbyen,78.2186,15.6401,-13.09,66,20,1.54,SJ,1682162336
110,mareeba,-17.0,145.4333,23.58,86,46,1.33,AU,1682162337
111,kasson,44.03,-92.7507,-0.03,89,100,4.12,US,1682162337
112,mount gambier,-37.8333,140.7667,13.57,95,21,1.43,AU,1682162131
113,nogliki,51.8333,143.1667,-0.95,89,100,7.75,RU,1682162337
114,puerto ayora,-0.7393,-90.3518,24.19,99,50,4.05,EC,1682162337
115,ulladulla,-35.35,150.4667,11.54,87,0,1.32,AU,1682161775
116,krusevac,43.58,21.3339,18.2,51,37,3.0,RS,1682162338
117,port augusta,-32.5,137.7667,18.85,58,0,4.32,AU,1682162338
118,manokwari,-0.8667,134.0833,26.79,85,78,2.79,ID,1682162205
119,aspen,39.1911,-106.8175,-2.96,93,100,0.0,US,1682162339
120,cururupu,-1.8283,-44.8683,26.68,89,77,2.1,BR,1682162339
121,les avirons,-21.2418,55.3394,28.05,66,35,8.75,RE,1682162339
122,avarua,-21.2078,-159.775,22.03,88,20,0.51,CK,1682162339
123,kristiansund,63.1115,7.732,12.03,57,75,2.57,NO,1682162339
124,callao,-12.0667,-77.15,22.62,83,0,3.6,PE,1682162339
125,wailua homesteads,22.0669,-159.378,23.44,91,75,3.09,US,1682162340
126,dunedin,-45.8742,170.5036,11.56,10,41,2.0,NZ,1682162340
127,aden,12.7794,45.0367,29.03,69,79,7.11,YE,1682162340
128,nipomo,35.0428,-120.476,16.9,75,20,2.57,US,1682162340
129,maxixe,-23.8597,35.3472,28.3,58,75,2.02,MZ,1682162341
130,smara,26.7384,-11.6719,23.31,42,69,6.23,EH,1682162341
131,cabo san lucas,22.8909,-109.9124,23.06,49,94,3.72,MX,1682162341
132,yuzhno-kurilsk,44.0306,145.8556,2.52,78,58,8.65,RU,1682162341
133,namdrik,5.5994,168.1028,28.22,79,24,6.22,MH,1682162342
134,bangarapet,12.9667,78.2,31.49,34,79,3.59,IN,1682162342
135,markala,13.7021,-6.0659,36.73,9,32,4.77,ML,1682162342
136,saint-dizier,48.4167,5.0833,13.71,88,100,4.51,FR,1682162342
137,badger,64.8,-147.5333,1.1,92,100,2.57,US,1682162342
138,vylkove,45.4021,29.586,14.24,57,95,2.2,UA,1682162343
139,christchurch,-43.5333,172.6333,14.39,89,100,3.6,NZ,1682161678
140,borodulikha,50.7184,80.9295,10.56,28,0,1.78,KZ,1682162343
141,puerto cabezas,14.0351,-83.3888,23.55,86,100,0.73,NI,1682162294
142,isafjordur,66.0755,-23.124,1.02,60,0,2.06,IS,1682162344
143,yarmouth,41.7057,-70.2286,9.98,81,100,4.12,US,1682161793
144,i-n-salah,27.1935,2.4607,32.18,17,0,6.43,DZ,1682161762
145,yung shue wan,22.2333,114.1167,23.75,89,86,7.87,HK,1682162344
146,prienai,54.6333,23.95,17.15,46,4,1.68,LT,1682162344
147,salekhard,66.53,66.6019,-0.01,93,44,1.36,RU,1682161771
148,anadyr,64.75,177.4833,-9.72,92,100,1.0,RU,1682162132
149,mount isa,-20.7333,139.5,17.87,48,0,0.51,AU,1682162345
150,moapa valley,36.5805,-114.4703,19.26,39,16,3.57,US,1682162345
151,jamestown,42.097,-79.2353,11.77,91,100,4.12,US,1682162207
152,kashgar,39.4547,75.9797,23.56,5,20,7.0,CN,1682162345
153,barcelos,41.5388,-8.6151,17.73,72,67,3.81,PT,1682162345
154,bredasdorp,-34.5322,20.0403,14.9,67,100,4.39,ZA,1682162346
155,tshabong,-26.05,22.45,29.11,18,28,5.63,BW,1682162346
156,zaysan,47.4667,84.8667,7.63,62,99,1.49,KZ,1682162281
157,chegdomyn,51.1167,133.0167,0.03,91,100,0.63,RU,1682162346
158,walvis bay,-22.9575,14.5053,20.05,54,100,2.3,NA,1682162346
159,tenenkou,14.4572,-4.9169,37.73,8,12,7.04,ML,1682162347
160,queenstown,-31.8976,26.8753,11.64,67,97,6.32,ZA,1682162333
161,al bardiyah,31.7561,25.0865,20.62,54,69,6.77,LY,1682162347
162,ola,59.5833,151.2833,-0.99,73,59,10.07,RU,1682162347
163,howrah,22.5892,88.3103,35.0,38,40,3.09,IN,1682162123
164,petropavlovsk-kamchatsky,53.0452,158.6483,2.33,70,75,4.0,RU,1682162347
165,curitibanos,-27.2828,-50.5844,12.97,83,94,1.35,BR,1682162253
166,dudinka,69.4058,86.1778,1.46,93,100,9.93,RU,1682161752
167,yakutsk,62.0339,129.7331,-0.02,47,0,4.0,RU,1682162348
168,pytalovo,57.0679,27.9138,17.15,40,25,2.89,RU,1682162348
169,kulhudhuffushi,6.6221,73.07,29.46,69,38,3.05,MV,1682162348
170,shilovo,54.3204,40.874,14.63,46,57,5.39,RU,1682162348
171,sao joao da barra,-21.6403,-41.0511,23.05,80,66,2.7,BR,1682162270
172,bayganin,48.6947,55.8742,20.47,38,65,7.09,KZ,1682162349
173,mount pearl,47.5166,-52.7813,2.69,96,100,9.26,CA,1682162349
174,nong khae,14.3406,100.8673,38.48,36,3,7.38,TH,1682162349
175,richards bay,-28.783,32.0377,25.36,55,100,4.49,ZA,1682162349
176,nagqu,31.5,92.0,1.67,51,100,5.35,CN,1682161754
177,taroa,8.7058,171.2275,27.63,78,25,8.37,MH,1682162350
178,kavieng,-2.5744,150.7967,27.94,82,99,5.45,PG,1682162350
179,aasiaat,68.7098,-52.8699,-5.9,87,95,1.72,GL,1682162350
180,kindu,-2.95,25.95,27.79,67,91,2.25,CD,1682162350
181,toyooka,35.5333,134.8333,7.72,62,7,3.67,JP,1682162350
182,guarapari,-20.6667,-40.4975,21.61,84,100,2.85,BR,1682161779
183,san julian,21.0167,-102.1667,15.08,29,79,0.82,MX,1682162351
184,utrik,11.2278,169.8474,27.08,79,26,9.13,MH,1682162351
185,mandalgovi,45.7625,106.2708,7.34,16,24,2.56,MN,1682162351
186,la'ie,21.6477,-157.9253,25.0,85,10,0.45,US,1682162351
187,ntoum,0.3833,9.7833,31.83,55,100,1.56,GA,1682162352
188,el colorado,-26.3081,-59.3729,14.12,86,41,1.83,AR,1682162353
189,hotan,37.0997,79.9269,19.92,11,96,3.9,CN,1682162350
190,eskhar,49.7987,36.5883,8.55,81,100,3.12,UA,1682162353
191,atafu village,-8.5421,-172.5159,28.68,76,14,4.02,TK,1682162353
192,flin flon,54.7682,-101.865,-6.36,96,26,1.99,CA,1682161789
193,la grande,45.3246,-118.0877,3.92,89,100,0.94,US,1682162353
194,okondja,-0.6549,13.6753,27.84,75,100,1.52,GA,1682162354
195,khovd,48.0056,91.6419,4.47,19,92,2.65,MN,1682162354
196,angaur state,6.906,134.13,28.46,76,100,4.55,PW,1682161759
197,el bauga,18.262,33.9081,40.46,6,0,3.64,SD,1682162354
198,coquimbo,-29.9533,-71.3436,10.85,93,0,1.54,CL,1682161760
199,qaqortoq,60.7167,-46.0333,2.07,60,2,1.38,GL,1682162355
200,keflavik,64.0049,-22.5624,4.95,100,100,3.6,IS,1682162355
201,gas city,40.4873,-85.613,7.34,92,75,2.06,US,1682162355
202,maues,-3.3836,-57.7186,23.66,99,100,0.6,BR,1682162355
203,susuman,62.7833,148.1667,-11.51,92,82,1.81,RU,1682162355
204,inhambane,-23.865,35.3833,27.9,60,75,2.41,MZ,1682162356
205,pama,11.2497,0.7075,37.89,29,40,3.58,BF,1682162356
206,georgetown,5.4112,100.3354,28.96,74,20,0.51,MY,1682162100
207,boa vista,2.8197,-60.6733,22.99,100,75,2.06,BR,1682161787
208,minas de marcona,-15.2119,-75.1103,16.58,81,17,1.54,PE,1682162356
209,peace river,56.2501,-117.286,0.36,72,20,2.06,CA,1682162356
210,parnu,58.3859,24.4971,11.05,66,20,5.66,EE,1682162357
211,bosaso,11.2842,49.1816,31.64,57,3,7.39,SO,1682162159
212,mitsamiouli,-11.3847,43.2844,28.47,75,99,2.57,KM,1682162357
213,zhosaly,45.4878,64.0781,23.83,7,94,6.53,KZ,1682162121
214,touros,-5.1989,-35.4608,28.26,64,47,6.66,BR,1682162357
215,nar'yan-mar,67.6713,53.087,-1.1,88,100,5.53,RU,1682161764
216,hermanus,-34.4187,19.2345,16.56,70,100,4.94,ZA,1682162073
217,yamba,-5.9,22.3,27.87,72,100,0.77,CD,1682162358
218,princeville,45.7668,-61.2985,4.23,87,20,4.12,CA,1682162358
219,dawson creek,55.7666,-120.2362,2.8,52,75,4.12,CA,1682162358
220,twon-brass,4.3151,6.2418,28.85,70,64,3.94,NG,1682162358
221,hamilton,39.1834,-84.5333,8.2,95,100,2.57,US,1682162334
222,demopolis,32.5176,-87.8364,11.97,100,100,2.06,US,1682162358
223,whitehorse,60.7161,-135.0538,-1.57,77,0,2.06,CA,1682162359
224,conduaga,8.862,117.4893,28.53,75,56,1.24,PH,1682162359
225,morehead city,34.7229,-76.726,21.14,81,0,4.02,US,1682162359
226,paramonga,-10.6667,-77.8333,23.5,84,76,3.34,PE,1682162359
227,tamanrasset,22.785,5.5228,27.95,7,0,5.14,DZ,1682162359
228,fort bragg,35.139,-79.006,17.85,83,75,3.09,US,1682162324
229,ust-nera,64.5667,143.2,-7.53,94,80,0.71,RU,1682162360
230,selma,36.5708,-119.6121,15.13,100,0,3.6,US,1682162360
231,srivilliputhur,9.5167,77.6333,33.98,43,47,2.85,IN,1682162360
232,chinde,26.8418,88.0763,25.35,29,48,2.06,NP,1682162360
233,yelizovo,53.1873,158.3805,3.08,69,75,4.02,RU,1682162361
234,arraial do cabo,-22.9661,-42.0278,23.92,73,0,0.0,BR,1682162102
235,bel ombre,-4.6167,55.4167,31.91,66,20,3.6,SC,1682162361
236,tougue,11.4667,-11.6,32.04,15,84,5.51,GN,1682162361
237,amga,60.8953,131.9608,-4.46,94,100,1.19,RU,1682162361
238,sisimiut,66.9395,-53.6735,-0.59,85,87,3.48,GL,1682162361
239,olinda,-8.0089,-34.8553,28.85,65,40,5.66,BR,1682162180
240,burang,30.25,81.1667,-2.01,75,94,3.32,CN,1682162362
241,ust'-ilimsk,58.0006,102.6619,0.43,73,100,2.77,RU,1682162363
242,bonanza,14.0289,-84.591,19.61,99,83,0.31,NI,1682162363
243,tongliao,43.6125,122.2653,8.32,14,3,2.85,CN,1682162132
244,manta,-0.95,-80.7333,25.06,81,100,1.33,EC,1682162363
245,santa marinella,42.0345,11.8536,23.16,79,57,2.27,IT,1682162363
246,afif,23.9065,42.9172,30.26,19,1,3.62,SA,1682162364
247,teluknaga,-6.0989,106.6381,31.1,84,20,5.14,ID,1682162364
248,carmo do paranaiba,-19.0008,-46.3161,16.7,88,38,3.37,BR,1682162173
249,astrakhan,46.3497,48.0408,19.95,42,0,7.15,RU,1682162364
250,bermeo,43.4209,-2.7215,19.83,66,95,1.5,ES,1682162364
251,dese,11.1333,39.6333,16.29,73,70,1.77,ET,1682162364
252,chos malal,-37.3781,-70.2709,8.09,86,83,1.71,AR,1682162365
253,uga,5.9358,7.0793,33.07,51,57,2.61,NG,1682162264
254,pisco,-13.7,-76.2167,21.03,88,59,3.6,PE,1682162365
255,bereket,39.2446,55.5154,30.77,18,91,4.57,TM,1682162367
256,abepura,-2.6333,140.5833,26.45,78,20,0.0,ID,1682162266
257,zakynthos,37.7914,20.8953,20.36,64,20,3.09,GR,1682162368
258,talcahuano,-36.7167,-73.1167,10.82,100,100,3.09,CL,1682162368
259,olyokminsk,60.3736,120.4264,-1.93,81,87,0.57,RU,1682162369
260,atar,20.5169,-13.0499,29.36,18,74,4.66,MR,1682162369
261,island harbour,50.724,-1.2758,14.06,78,96,0.45,GB,1682162369
262,chibuto,-24.6867,33.5306,30.0,47,67,1.15,MZ,1682162371
263,uturoa,-16.7333,-151.4333,28.03,80,100,7.1,PF,1682162371
264,hami,42.8,93.45,19.87,7,100,1.96,CN,1682162372
265,dalandzadgad,43.5708,104.425,10.64,13,100,5.82,MN,1682162287
266,daura,11.5538,11.4085,38.94,18,64,3.89,NG,1682162373
267,seloncourt,47.4599,6.8554,17.29,53,100,1.73,FR,1682162375
268,tolanaro,-25.0319,46.9987,28.04,69,40,4.12,MG,1682162156
269,aykhal,66.0,111.5,-5.15,84,100,5.76,RU,1682162210
270,vila franca do campo,37.7167,-25.4333,17.23,91,100,6.1,PT,1682162379
271,chibougamau,49.9168,-74.3659,1.79,93,100,1.54,CA,1682162379
272,mahibadhoo,3.7833,72.9667,29.37,67,3,3.24,MV,1682162194
273,biloela,-24.4167,150.5,19.93,73,28,7.57,AU,1682162379
274,kangding,30.0513,101.9603,11.64,93,100,2.03,CN,1682162137
275,sydney,-33.8679,151.2073,18.61,87,75,2.06,AU,1682162133
276,camocim,-2.9022,-40.8411,25.7,84,27,4.82,BR,1682162380
277,luba,3.4568,8.5547,31.94,79,91,2.85,GQ,1682162380
278,sadovoye,47.7764,44.5089,15.73,57,81,10.23,RU,1682162380
279,port alfred,-33.5906,26.891,20.1,53,100,4.47,ZA,1682162243
280,hobyo,5.3505,48.5268,30.8,64,98,6.08,SO,1682162381
281,mabaruma,8.2,-59.7833,24.17,95,100,1.03,GY,1682162381
282,hualien city,23.9769,121.6044,22.85,88,91,1.98,TW,1682162287
283,san rafael del sur,11.8485,-86.4384,25.54,84,38,2.32,NI,1682162235
284,gualeguay,-33.1416,-59.3097,12.79,63,100,1.46,AR,1682162105
285,borzya,50.3833,116.5167,1.98,18,62,3.61,RU,1682162381
286,kuqa,41.7278,82.9364,16.22,33,100,6.97,CN,1682162147
287,fortuna,40.5982,-124.1573,11.07,96,100,2.14,US,1682162382
288,east london,-33.0153,27.9116,20.52,68,0,3.6,ZA,1682162382
289,bonthe,7.5264,-12.505,31.3,57,37,3.51,SL,1682162382
290,almeirim,-1.5233,-52.5817,24.58,95,100,1.5,BR,1682162261
291,mata-utu,-13.2816,-176.1745,28.08,74,43,3.61,WF,1682162382
292,mawlamyinegyunn,16.3833,95.2667,34.46,45,4,7.72,MM,1682162382
293,anton lizardo,19.05,-95.9833,27.34,88,86,4.92,MX,1682162383
294,dana point,33.467,-117.6981,19.75,70,5,0.89,US,1682162249
295,amalapuram,16.5833,82.0167,29.72,63,26,2.74,IN,1682162224
296,cole harbour,44.6724,-63.4751,2.18,85,99,6.69,CA,1682162201
297,liezen,47.5667,14.2333,21.66,44,98,1.11,AT,1682162383
298,bizerte,37.2744,9.8739,21.0,56,20,4.12,TN,1682162383
299,arno,60.1167,18.6333,7.66,56,15,2.78,SE,1682162383
300,mananjary,-21.2167,48.3333,29.44,66,95,3.45,MG,1682162384
301,nola,40.922,14.5329,23.0,48,16,0.9,IT,1682162384
302,san antonio de pale,-1.4014,5.6325,28.17,72,94,1.03,GQ,1682162384
303,robore,-18.3333,-59.75,16.92,82,1,0.55,BO,1682162384
304,portland,45.5234,-122.6762,10.9,92,100,2.57,US,1682162104
305,nizao,18.25,-70.2,24.7,78,31,1.27,DO,1682162384
306,tura,25.5198,90.2201,28.63,40,64,0.69,IN,1682162384
307,crane,31.3974,-102.3501,15.19,17,2,4.37,US,1682162385
308,remire-montjoly,4.9167,-52.2667,25.02,100,75,1.03,GF,1682162385
309,saldanha,-33.0117,17.9442,15.03,64,100,7.62,ZA,1682162385
310,kirensk,57.7853,108.1119,-0.1,93,100,2.26,RU,1682162385
311,khandyga,62.6667,135.6,-1.16,94,100,1.88,RU,1682162385
312,belyy yar,53.6039,91.3903,9.94,20,0,2.0,RU,1682162385
313,el galpon,-25.3807,-64.6526,17.37,75,99,0.7,AR,1682162386
314,nanao,37.05,136.9667,11.11,58,95,2.79,JP,1682162262
315,vilyuchinsk,52.9306,158.4028,2.92,98,100,6.95,RU,1682162104
316,iida,35.5197,137.8207,8.77,67,4,0.49,JP,1682162386
317,sligo,54.2697,-8.4694,8.96,71,75,6.17,IE,1682162386
318,greymouth,-42.4667,171.2,13.06,94,28,0.74,NZ,1682162105
319,rudnichnyy,59.617,52.4703,10.24,47,69,2.62,RU,1682162387
320,gatton,-27.55,152.2833,17.9,77,55,2.95,AU,1682162387
321,nuevo casas grandes,30.4167,-107.9167,12.72,18,0,1.74,MX,1682162388
322,dhidhdhoo,6.8833,73.1,29.56,70,50,3.26,MV,1682162388
323,pacasmayo,-7.4006,-79.5714,24.51,81,100,2.81,PE,1682162388
324,palu,-0.8917,119.8707,25.68,94,99,0.95,ID,1682162348
325,kajaani,64.2273,27.7285,7.03,57,0,6.17,FI,1682162388
326,orange cove,36.6244,-119.3137,14.76,93,0,3.6,US,1682162388
327,nikolayevsk-on-amure,53.1406,140.73,-0.84,95,100,3.96,RU,1682162389
328,ceeldheer,3.8488,47.1806,32.71,54,64,6.68,SO,1682162389
329,worland,44.0169,-107.9554,-0.36,68,100,2.68,US,1682162389
330,machico,32.7,-16.7667,20.35,74,40,2.57,PT,1682162389
331,harstad,68.799,16.5293,0.09,97,100,8.94,NO,1682162389
332,ribas do rio pardo,-20.4431,-53.7592,16.24,84,0,1.43,BR,1682162390
333,gizo,-8.103,156.8419,28.42,77,83,3.16,SB,1682162390
334,labrador city,52.9463,-66.9114,1.95,80,75,3.09,CA,1682162390
335,robertsport,6.7533,-11.3686,28.47,72,38,2.79,LR,1682162390
336,luderitz,-26.6481,15.1594,20.02,51,100,4.56,NA,1682162390
337,naivasha,-0.7167,36.4359,22.35,63,100,3.76,KE,1682162390
338,newnham,-41.3833,147.1333,14.62,88,8,6.17,AU,1682162391
339,bontang,0.1333,117.5,28.15,76,6,2.77,ID,1682162223
340,labo,14.1333,122.75,25.28,92,81,2.0,PH,1682162391
341,bubaque,11.2833,-15.8333,28.0,50,81,7.12,GW,1682161794
342,klyuchi,52.2667,79.1667,8.07,42,34,2.97,RU,1682162391
343,tazacorte,28.629,-17.9293,22.54,78,75,3.6,ES,1682162391
344,shimoda,34.6667,138.95,12.28,82,100,4.24,JP,1682162130
345,carnarvon,-24.8667,113.6333,25.14,51,0,3.79,AU,1682162369
346,codrington,-38.2667,141.9667,14.15,93,30,1.96,AU,1682162392
347,las vegas,36.175,-115.1372,21.2,28,75,4.63,US,1682161894
348,fredericksburg,38.3032,-77.4605,17.97,73,0,4.12,US,1682162392
349,antsiranana,-12.2787,49.2917,30.26,63,76,6.67,MG,1682162306
350,acarau,-2.8856,-40.12,26.27,82,10,6.01,BR,1682162217
351,ta`u,-14.2336,-169.5144,27.03,77,65,3.47,AS,1682162393
352,polyarnyy,69.1989,33.4478,-2.56,57,46,6.36,RU,1682162393
353,chonchi,-42.6128,-73.8092,5.07,97,20,0.46,CL,1682162393
354,sao joao dos inhamuns,-6.0,-40.2833,24.85,68,15,5.39,BR,1682162393
355,mbanza kongo,-6.267,14.2401,24.2,82,100,1.73,AO,1682162303
356,ayorou,14.7308,0.9174,39.21,7,28,6.34,NE,1682162394
357,laojunmiao,39.8333,97.7333,2.31,87,100,4.85,CN,1682162125
358,asau,46.4333,26.4,15.71,57,100,1.87,RO,1682162395
359,katsuura,35.1333,140.3,14.53,50,100,7.2,JP,1682162395
360,chimoio,-19.1164,33.4833,25.92,65,75,3.12,MZ,1682162395
361,mahdishahr,35.7108,53.3556,21.9,17,100,6.12,IR,1682162395
362,gobabis,-22.45,18.9667,25.28,29,100,1.22,NA,1682162396
363,selfoss,63.9331,-20.9971,3.46,78,100,1.02,IS,1682162396
364,betio village,1.358,172.9211,28.21,77,14,5.28,KI,1682162396
365,boma,7.0805,-2.1697,32.62,50,71,2.06,GH,1682162411
366,hovd,48.0056,91.6419,4.47,19,92,2.65,MN,1682162354
367,lubango,-14.9172,13.4925,20.79,68,85,2.32,AO,1682162412
368,wakkanai,45.4094,141.6739,3.84,74,52,7.07,JP,1682162193
369,malpe,13.35,74.7167,31.12,55,4,7.59,IN,1682162364
370,margate,51.3813,1.3862,12.17,84,100,1.91,GB,1682162413
371,vanino,49.0869,140.2543,2.09,84,100,0.32,RU,1682162413
372,petawawa,45.9001,-77.3328,7.1,95,100,1.4,CA,1682162413
373,fort frances,48.5999,-93.4003,-4.35,80,100,5.66,CA,1682162414
374,shiraoi,42.55,141.35,6.23,72,42,3.87,JP,1682162328
375,nicoya,10.1483,-85.452,24.49,73,68,0.76,CR,1682162414
376,port hedland,-20.3167,118.5667,27.03,61,53,3.09,AU,1682162163
377,luanda,-8.8368,13.2343,27.68,69,89,1.37,AO,1682162414
378,quellon,-43.1167,-73.6167,8.14,100,100,0.0,CL,1682162414
379,vila velha,-20.3297,-40.2925,22.19,90,100,3.09,BR,1682162415
380,sainyabuli,19.25,101.75,24.81,67,96,1.54,LA,1682162415
381,suva,-18.1416,178.4415,21.71,100,20,1.03,FJ,1682162408
382,cockburn town,21.4612,-71.1419,24.52,69,1,1.09,TC,1682162415
383,magistral'nyy,56.1725,107.4458,0.64,72,100,2.52,RU,1682162415
384,dryden,49.7833,-92.7503,-6.84,86,20,4.12,CA,1682162415
385,emerald,-23.5333,148.1667,22.98,53,18,6.33,AU,1682162416
386,khorugh,37.4897,71.553,7.71,43,0,0.5,TJ,1682162416
387,fada,9.5667,8.3,33.88,36,99,2.09,NG,1682162416
388,alofi,-19.0595,-169.9187,17.94,94,0,0.51,NU,1682162416
389,hadibu,12.65,54.0333,30.04,62,4,5.42,YE,1682162416
390,gadzhiyevo,69.2551,33.3362,-2.75,58,45,6.46,RU,1682162416
391,aoulef,26.9667,1.0833,32.82,15,2,5.36,DZ,1682162417
392,huron,41.1501,-82.5499,7.69,94,100,4.03,US,1682162417
393,alesund,62.4723,6.1549,12.51,71,40,6.69,NO,1682162417
394,buka,40.8108,69.1986,26.61,14,5,2.61,UZ,1682162417
395,lautoka,-17.6167,177.4667,24.92,73,20,3.09,FJ,1682162188
396,cambria,35.5641,-121.0808,14.99,78,56,2.21,US,1682162417
397,topeka,39.0483,-95.678,2.88,73,0,5.14,US,1682162160
398,novo horizonte,-21.4681,-49.2208,17.2,82,0,3.61,BR,1682162185
399,tchintabaraden,15.8969,5.7985,38.63,8,88,6.34,NE,1682162418
400,qarazhal,48.0078,70.7903,15.85,24,96,5.26,KZ,1682162338
401,jayapura,-2.5333,140.7,26.66,86,100,0.74,ID,1682162084
402,djibo,14.1022,-1.6306,37.92,8,6,6.02,BF,1682162350
403,vung tau,10.346,107.0843,28.93,77,55,5.74,VN,1682162154
404,bridgewater,44.3835,-64.5155,5.06,81,99,2.57,CA,1682162419
405,bedele,8.456,36.353,30.13,14,84,2.49,ET,1682162419
406,beloyarskiy,63.7119,66.6722,1.79,98,100,1.22,RU,1682162419
407,ancud,-41.8697,-73.8203,8.27,90,1,1.42,CL,1682162125
408,nemuro,43.3236,145.575,2.3,82,14,8.2,JP,1682162155
409,fu'an,27.0892,119.6453,17.86,92,36,1.54,CN,1682162419
410,novoaltaysk,53.3917,83.9363,10.67,51,34,2.31,RU,1682162419
411,kerikeri,-35.2268,173.9474,18.28,96,99,1.91,NZ,1682162420
412,long beach,33.767,-118.1892,21.1,85,0,1.54,US,1682162420
413,nova sintra,14.8667,-24.7167,20.15,74,7,8.59,CV,1682162420
414,usogorsk,63.4106,48.6872,2.3,99,100,4.1,RU,1682162420
415,ambovombe,-25.1667,46.0833,26.34,63,92,4.86,MG,1682162420
416,emirgazi,37.9022,33.8372,16.68,32,94,1.95,TR,1682162421
417,iskateley,67.6803,53.1512,-1.19,87,100,5.38,RU,1682162421
418,lamu,-2.2717,40.902,24.12,73,100,4.23,KE,1682162421
419,palikir - national government center,6.9248,158.1611,26.47,89,100,2.57,FM,1682162156
420,prado,-17.3411,-39.2208,24.91,75,99,5.41,BR,1682162421
421,macas,-2.3167,-78.1167,19.29,96,100,1.42,EC,1682162421
422,hasaki,35.7333,140.8333,12.34,44,38,9.28,JP,1682162412
423,nadym,65.5333,72.5167,0.65,100,100,3.32,RU,1682162422
424,sao tome,0.3365,6.7273,28.34,72,66,0.64,ST,1682162422
425,umm qasr,30.0405,47.9168,36.93,11,8,3.7,IQ,1682162422
426,khark,29.2614,50.3306,33.01,15,3,3.09,IR,1682162422
427,sangueya,10.7,-14.3667,36.25,16,25,5.17,GN,1682162422
428,yurty,56.0498,97.6348,2.62,87,96,3.69,RU,1682162422
429,sandnessjoen,66.0217,12.6316,4.29,58,44,0.89,NO,1682162423
430,enshi,30.3,109.4833,15.38,90,100,1.82,CN,1682162134
431,antonio enes,-16.2325,39.9086,29.19,64,67,4.16,MZ,1682162423
432,bata,1.8639,9.7658,28.76,69,98,2.44,GQ,1682162152
433,bac lieu,9.285,105.7244,29.68,69,13,4.66,VN,1682162423
434,shagonar,51.5333,92.8,5.0,42,41,1.5,RU,1682162423
435,pathein,16.7833,94.7333,30.79,60,2,7.25,MM,1682162424
436,antofagasta,-23.65,-70.4,15.6,87,91,1.56,CL,1682162186
437,magadan,59.5667,150.8,-1.25,73,69,11.73,RU,1682162424
438,naze,28.3667,129.4833,20.51,79,87,8.25,JP,1682162396
439,san matias,-16.3667,-58.4,19.74,80,20,1.3,BO,1682162425
440,kosh-agach,50.0,88.6667,-0.06,43,29,2.95,RU,1682162426
441,el calafate,-50.3408,-72.2768,4.12,56,100,2.03,AR,1682162426
442,kharp,66.8014,65.8081,-0.36,94,83,2.16,RU,1682162426
443,akureyri,65.6835,-18.0878,-0.04,59,75,5.66,IS,1682162426
444,corner brook,48.9667,-57.9484,4.09,92,99,2.17,CA,1682162254
445,sumbawa besar,-8.5,117.4333,24.76,85,57,1.47,ID,1682162267
446,obo,5.3998,26.4869,33.24,41,100,4.56,CF,1682162427
447,novodvinsk,64.4165,40.8122,2.86,99,100,3.75,RU,1682162427
448,tres arroyos,-38.3739,-60.2798,10.83,92,20,2.8,AR,1682162427
449,caleta olivia,-46.4393,-67.5281,9.17,74,4,5.3,AR,1682162427
450,shira,54.4911,89.9531,6.51,38,64,2.16,RU,1682162427
451,santo antonio,-6.3106,-35.4789,27.61,60,97,6.87,BR,1682162427
452,mount pleasant,32.7941,-79.8626,19.44,98,100,1.79,US,1682162204
453,coronel suarez,-37.4547,-61.9334,9.42,89,1,4.37,AR,1682162428
454,bandarbeyla,9.4942,50.8122,30.27,61,92,6.02,SO,1682162428
455,kittila,67.6647,24.8936,0.9,43,0,6.17,FI,1682162428
456,ierapetra,35.01,25.7353,17.16,75,98,1.34,GR,1682162428
457,pitkyaranta,61.5734,31.4792,2.36,100,100,1.45,RU,1682162428
458,mamuju,-2.6748,118.8885,27.3,82,85,1.29,ID,1682162429
459,save,8.0425,2.486,33.91,48,86,3.91,BJ,1682162308
460,villefranche-sur-mer,43.7047,7.3078,20.46,58,0,3.6,FR,1682162157
461,monrovia,6.3005,-10.7969,30.87,68,42,3.81,LR,1682162429
462,kapuskasing,49.4169,-82.4331,1.0,93,100,2.57,CA,1682162429
463,pudozh,61.8099,36.5345,8.12,76,100,3.17,RU,1682162429
464,siwa oasis,29.2041,25.5195,28.11,18,100,7.75,EG,1682162430
465,igarka,67.4667,86.5833,0.33,99,100,7.83,RU,1682162430
466,dwarka,22.2394,68.9678,28.97,64,2,6.57,IN,1682162306
467,qamdo,31.1667,97.2333,8.95,19,59,7.19,CN,1682162430
468,tangalle,6.024,80.7911,29.21,77,55,5.98,LK,1682162430
469,timiryazevskoye,56.49,84.8769,9.53,56,14,2.39,RU,1682162430
470,alva,56.1528,-3.8051,14.04,50,100,7.92,GB,1682162430
471,huilong,31.8111,121.655,14.96,89,23,4.63,CN,1682162142
472,tokar,18.4254,37.729,33.58,45,0,7.61,SD,1682162431
473,tete,-16.1564,33.5867,34.05,40,40,4.12,MZ,1682162431
474,berwick,41.0545,-76.2333,15.4,84,100,4.94,US,1682162255
475,bairnsdale,-37.8333,147.6167,16.14,89,38,0.86,AU,1682162431
476,batu pahat,1.8548,102.9325,27.83,79,45,1.54,MY,1682162431
477,mangalia,43.8,28.5833,12.76,67,32,4.39,RO,1682162432
478,newman,37.3138,-121.0208,16.61,82,82,1.2,US,1682162432
479,pontianak,-0.0333,109.3333,30.99,70,20,1.03,ID,1682162287
480,togur,58.3631,82.8265,6.81,57,84,4.09,RU,1682162432
481,collierville,35.042,-89.6645,6.86,98,100,0.0,US,1682162215
482,kamiiso,41.8167,140.65,6.21,65,20,5.14,JP,1682162206
483,novyy urengoy,66.0833,76.6333,-0.19,100,99,3.64,RU,1682162432
484,mitchell,43.7094,-98.0298,-0.15,81,75,7.72,US,1682162433
485,rajula,21.05,71.4333,33.51,35,1,7.93,IN,1682162326
486,saint-francois,46.4154,3.9054,15.69,59,100,3.6,FR,1682162433
487,east ballina,-28.8667,153.5833,17.11,71,91,7.32,AU,1682162433
488,kone,-21.0595,164.8658,24.24,91,53,1.43,NC,1682162433
489,macau,22.2006,113.5461,25.48,94,40,9.26,MO,1682162433
490,formosa do rio preto,-11.0483,-45.1931,23.3,79,26,4.24,BR,1682162434
491,santa eularia des riu,38.9846,1.5341,19.06,74,20,3.6,ES,1682162434
492,tabas,33.5959,56.9244,34.31,8,52,3.12,IR,1682162299
493,kenai,60.5544,-151.2583,1.03,69,0,2.57,US,1682162435
494,khasab,26.1799,56.2477,30.03,36,53,2.93,OM,1682162435
495,puerto aysen,-45.4,-72.7,5.05,97,49,1.51,CL,1682162435
496,karratha,-20.7377,116.8463,27.32,57,69,4.56,AU,1682162419
497,santa ines,-3.6667,-45.38,25.51,87,43,1.22,BR,1682162435
498,spirovo,57.419,34.9766,13.09,51,80,0.78,RU,1682162436
499,kailua-kona,19.6406,-155.9956,24.98,98,100,4.63,US,1682162436
500,oltinko'l,40.8011,72.1634,26.28,12,4,1.42,UZ,1682162436
501,cervantes,-39.05,-67.3833,11.4,55,4,3.35,AR,1682162436
502,enriquillo,17.9,-71.2333,23.58,76,20,1.35,DO,1682162436
503,northam,51.0333,-4.2167,11.88,84,100,4.95,GB,1682162437
504,turuntayevo,52.2,107.6167,6.05,43,73,0.8,RU,1682162437
505,bodaybo,57.8506,114.1933,-2.28,76,89,1.1,RU,1682162437
506,porto novo,6.4965,2.6036,31.9,63,98,5.27,BJ,1682162304
507,moree,-29.4667,149.85,19.66,42,0,6.37,AU,1682162437
508,abengourou,6.7297,-3.4964,32.26,52,75,2.48,CI,1682162437
509,kalabo,-14.97,22.6814,31.76,38,96,0.81,ZM,1682162438
510,saint-philippe,-21.3585,55.7679,29.77,72,16,4.3,RE,1682162438
511,tidjikja,18.5564,-11.4271,29.01,18,84,4.64,MR,1682162438
512,geraldton,-28.7667,114.6,20.23,60,0,2.57,AU,1682162438
513,camana,-16.6228,-72.7111,20.15,88,7,1.87,PE,1682162438
514,norilsk,69.3535,88.2027,1.35,86,100,9.42,RU,1682162438
515,purpe,64.4803,76.6897,1.42,100,100,5.83,RU,1682162439
516,mili,6.0815,171.735,28.08,78,71,7.11,MH,1682162439
517,ifo,6.8144,3.1958,32.79,58,98,3.99,NG,1682162321
518,muscatine,41.4667,-91.1335,2.09,72,100,5.14,US,1682162439
519,nuku'alofa,-21.1333,-175.2,21.19,94,20,1.54,TO,1682162330
520,forbach,49.1833,6.9,17.74,48,40,7.72,FR,1682162439
521,san javier,37.8063,-0.8374,24.27,75,20,2.24,ES,1682162439
522,balkashino,52.5167,68.7667,11.12,54,100,5.5,KZ,1682162440
523,alaghsas,17.0187,8.0168,38.94,11,46,6.69,NE,1682162311
524,lazaro cardenas,17.9583,-102.2,24.8,76,99,0.99,MX,1682162440
525,uliastay,47.7417,96.8444,4.04,13,5,1.5,MN,1682162439
526,korla,41.7597,86.1469,20.23,16,85,8.17,CN,1682162441
527,raipur,21.2333,81.6333,29.52,38,44,8.03,IN,1682162362
528,harper,4.375,-7.7169,30.39,68,77,3.94,LR,1682162441
529,rio verde de mato grosso,-18.9181,-54.8442,18.77,83,8,2.2,BR,1682162271
530,veraval,20.9,70.3667,29.28,62,0,9.23,IN,1682162442
531,cienega de flores,25.95,-100.1833,21.4,74,16,3.2,MX,1682162442
532,mora,11.0461,14.1401,38.9,18,93,6.12,CM,1682162442
533,lincoln city,44.9582,-124.0179,9.92,96,100,0.45,US,1682162442
534,escanaba,45.7453,-87.0646,-0.02,100,100,0.0,US,1682162442
535,tari,12.4086,4.4914,39.98,9,77,3.36,NG,1682162442
536,belawan,3.7755,98.6832,30.16,74,40,1.59,ID,1682162443
537,darwin,-12.4611,130.8418,28.99,71,0,2.57,AU,1682162144
538,taoudenni,22.6783,-3.9836,33.49,8,89,5.84,ML,1682162443
539,new norfolk,-42.7826,147.0587,16.72,64,64,4.92,AU,1682162443
540,balykshi,47.0667,51.8667,21.0,43,0,8.0,KZ,1682162444
541,coaticook,45.1334,-71.7991,8.38,83,97,2.93,CA,1682162444
542,igrim,63.1906,64.4162,2.34,87,100,2.78,RU,1682162444
543,bandar lampung,-5.4254,105.258,26.32,85,83,2.13,ID,1682162444
544,ouahigouya,13.5828,-2.4216,38.4,8,7,5.47,BF,1682162336
545,south sioux city,42.4739,-96.4136,0.97,79,100,8.49,US,1682162444
546,slave lake,55.2834,-114.769,-4.01,80,0,5.14,CA,1682162444
547,ilhabela,-23.7781,-45.3581,20.62,74,0,1.15,BR,1682162445
548,zaragoza,41.6561,-0.8773,17.79,62,75,2.24,ES,1682162445
549,san andres,12.5847,-81.7006,27.01,74,40,2.06,CO,1682162153
550,guerrero negro,27.9769,-114.0611,14.69,81,4,4.36,MX,1682162445
551,slawharad,53.4446,31.0014,15.29,39,60,2.65,BY,1682162445
552,vanimo,-2.6741,141.3028,26.37,84,100,1.2,PG,1682162445
553,torrington,41.8007,-73.1212,10.31,96,100,1.79,US,1682162446
554,villa hernandarias,-31.231,-59.985,14.31,61,100,2.31,AR,1682162446
555,bom jesus,-9.0744,-44.3586,26.23,62,33,2.88,BR,1682162447
556,columbia falls,48.3725,-114.1815,1.82,93,100,2.06,US,1682162447
557,tralee,52.2704,-9.7026,11.14,71,20,0.0,IE,1682162447
558,kardla,58.9978,22.7492,7.25,52,11,2.51,EE,1682162447
559,duobao,30.67,112.6895,7.49,85,100,7.38,CN,1682162447
560,tejen,37.3834,60.5054,35.93,6,64,5.69,TM,1682162448
561,dompu,-8.5356,118.4622,24.18,91,86,1.23,ID,1682162448
562,dahab,28.501,34.5134,29.19,29,93,4.78,EG,1682162449
563,kapa'a,22.0752,-159.319,24.18,91,75,3.09,US,1682162449
564,pindushi,62.9152,34.58,6.85,87,99,4.1,RU,1682162449
565,natal,-5.795,-35.2094,28.12,69,40,6.17,BR,1682162449
566,ketchikan,55.3422,-131.6461,6.26,87,100,3.6,US,1682162449
567,katsuren-haebaru,26.3369,127.8719,23.21,78,100,4.63,JP,1682162436
568,whitecourt,54.1502,-115.6855,-3.16,77,99,1.43,CA,1682162449
569,puerto armuelles,8.2833,-82.8667,23.99,84,100,1.39,PA,1682162171
570,sopo,4.9075,-73.9384,10.01,95,99,0.81,CO,1682162450
571,cidade velha,14.9167,-23.6167,24.26,60,40,9.77,CV,1682162450
572,filingue,14.3521,3.3168,39.89,9,67,3.73,NE,1682162450
573,weno,7.4515,151.8468,28.94,74,68,3.14,FM,1682162450
574,ilebo,-4.3167,20.5833,26.88,83,100,1.81,CD,1682162354
575,punta del este,-34.9667,-54.95,16.04,90,86,1.34,UY,1682162451
576,ares,-6.1944,-35.1603,28.05,62,70,6.33,BR,1682162451
577,priozersk,61.0393,30.1291,15.61,52,54,3.24,RU,1682162451
578,severo-yeniseyskiy,60.3725,93.0408,-0.22,83,91,0.89,RU,1682162451
579,conception bay south,47.4999,-52.9981,3.02,96,100,10.84,CA,1682162227
580,akola,20.7333,77.0,37.78,15,28,5.84,IN,1682162290
581,sakaiminato,35.55,133.2333,11.99,43,75,6.17,JP,1682162452
582,smithers,54.7804,-127.1743,3.18,87,100,1.54,CA,1682162452
583,grand-bassam,5.2118,-3.7388,30.98,71,100,5.11,CI,1682162452
584,laguna,38.421,-121.4238,18.16,64,0,4.63,US,1682162453
585,happy valley-goose bay,53.3168,-60.3315,0.17,86,75,2.06,CA,1682162453
586,martapura,-3.4167,114.85,28.05,78,40,2.57,ID,1682162169
587,collie,-33.3667,116.15,16.29,44,0,0.61,AU,1682162453
588,kaga bandoro,6.9896,19.1874,35.7,36,100,3.32,CF,1682162351
589,krasnogorskiy,54.6025,61.231,8.95,74,100,5.05,RU,1682162453
590,kununurra,-15.7667,128.7333,24.99,65,0,1.54,AU,1682162453
591,arvayheer,46.2639,102.775,2.95,18,16,5.92,MN,1682162261
592,ciudad guayana,8.3533,-62.6528,24.18,98,99,1.46,VE,1682162454
593,singrauli,24.1997,82.6753,28.74,32,97,7.54,IN,1682162454
594,pandan,14.0453,124.1694,27.22,84,29,2.94,PH,1682162454
595,banda aceh,5.5577,95.3222,29.13,74,92,2.84,ID,1682162277
